Metric,Value
Precision,0.8253012048192772
Recall,0.9042904290429042
F1 Score,0.8629921259842519
