Metric,Value
Precision,0.7550335570469798
Recall,0.8458646616541353
F1 Score,0.7978723404255319
