Metric,Value
Precision,0.2889733840304182
Recall,0.5846153846153846
F1 Score,0.38676844783715014
