Metric,Value
Precision,0.004295726882206647
Recall,0.00429427053904396
F1 Score,0.0042949985871715175
