Metric,Value
Precision,0.9556756756756757
Recall,0.9556756756756757
F1 Score,0.9556756756756757
