Metric,Value
Precision,0.98
Recall,0.8352272727272727
F1 Score,0.901840490797546
