Metric,Value
Precision,0.9803921568627451
Recall,0.375
F1 Score,0.5424954792043399
