Metric,Value
Precision,0.5033112582781457
Recall,0.25249169435215946
F1 Score,0.336283185840708
