Metric,Value
Precision,0.004103967168262654
Recall,1.0
F1 Score,0.008174386920980927
